<?xml version="1.0" encoding="UTF-8"?><?xml-stylesheet type='text/xsl' href='_UpgradeReport_Files/UpgradeReport.xslt'?><UpgradeLog>
<Properties><Property Name="Solution" Value="ZoomInTool">
</Property><Property Name="Solution File" Value="C:\Program Files\ArcGIS\DeveloperKit\Samples\ZoomInTool\VBNet\ZoomInTool.sln">
</Property><Property Name="Date" Value="Thursday, November 13, 2008">
</Property><Property Name="Time" Value="15:50 PM">
</Property></Properties><Event ErrorLevel="0" Project="ZoomInTool" Source="ZoomInTool.vbproj" Description="Project converted successfully">
</Event><Event ErrorLevel="3" Project="ZoomInTool" Source="ZoomInTool.vbproj" Description="Converted">
</Event><Event ErrorLevel="0" Project="" Source="ZoomInTool.sln" Description="Solution converted successfully">
</Event><Event ErrorLevel="3" Project="" Source="ZoomInTool.sln" Description="Converted">
</Event><Event ErrorLevel="0" Project="ZoomInTool" Source="ZoomInTool.vbproj" Description="Scan complete: Upgrade not required for project files.">
</Event></UpgradeLog>